class,proportion_weighted,beta_intercept,beta_linear,beta_quadratic,mean_w1,mean_w2,mean_w3,mean_w4,mean_w5,mean_w6,mean_w7
1,0.29569818477491955,1.8825496327110616,-0.09411553831356527,0.007903608682920024,2.2360287257980374,2.102395144069872,1.9845687797075469,1.8825496327110616,1.7963377030804164,1.7259329908156111,1.671335495916646
2,0.339416291126715,1.8840201367317335,0.07297393213980594,-0.020095583088170603,1.4842380925187801,1.6576899400994392,1.790950621503757,1.8840201367317335,1.9368984857833689,1.949585668658663,1.922081685357616
3,0.2575856029978836,1.3434544708155525,-0.008715912407252273,0.007774392087489499,1.439571736824715,1.3919838639800148,1.3599447753102942,1.3434544708155525,1.3425129504957898,1.357120214351006,1.3872762623812012
4,0.10729992110048174,2.580191474082369,-0.03895634815390265,-0.0362433247011514,2.3708705962337144,2.5131308715855685,2.5829044975351203,2.580191474082369,2.5049918012273147,2.357305478969958,2.1371325073102985
