"Ypred_class1","Ypred_class2","Ypred_class3","Ypred_class4","wave"
1.45793669397185,2.28016487264149,2.38855005258068,1.49155634168686,1
1.3952903647707,2.1534763798554,2.54224647581345,1.65019775855175,2
1.35122038142334,2.03754668737958,2.61726393766932,1.77439635888737,3
1.32572674392976,1.93237579521404,2.61360243814829,1.86415214269372,4
1.31880945228997,1.83796370335879,2.53126197725036,1.91946510997078,5
1.33046850650397,1.7543104118138,2.37024255497552,1.94033526071857,6
1.36070390657175,1.6814159205791,2.13054417132378,1.92676259493709,7
