class,proportion_weighted,beta_intercept,beta_linear,beta_quadratic,mean_w1,mean_w2,mean_w3,mean_w4,mean_w5,mean_w6,mean_w7
1,0.2588752036898718,1.3560201539634218,-0.009184037572505119,0.008656008256964092,1.461476340993614,1.4090122621362884,1.373860199792891,1.3560201539634218,1.3554921246478806,1.372276111846268,1.4063721155585833
2,0.32658266980998346,1.9126710313906679,0.07507297719759554,-0.02169707790761691,1.492178398629329,1.675736765365009,1.8159009762854554,1.9126710313906679,1.9660469306806465,1.9760286741553912,1.9426162618149023
3,0.10368592481538298,2.634012157371779,-0.03436682701588206,-0.037446575743919304,2.4000934567241514,2.552959508427866,2.6309324086437416,2.634012157371779,2.5621987546119778,2.4154922003643375,2.193892494628859
4,0.3108562016847619,1.9236652385358008,-0.09376904948571467,0.006390092669008628,2.2624832210140227,2.1367637081832647,2.0238243806905243,1.9236652385358008,1.8362862817190948,1.7616875102404062,1.6998689240997344
