model,n_train,n_test,test_event_rate,roc_auc,average_precision,brier
hist-gradient-boosting,11563,2073,0.21369995176073323,0.6297933775568142,0.3241401303298419,0.16599208490570438
lasso-logit,11563,2073,0.21369995176073323,0.6193770859588139,0.3187169572021784,0.21309822505816156
random-forest,11563,2073,0.21369995176073323,0.5919248293149053,0.2952777729205537,0.17700344373562374
lag-only,11563,2073,0.21369995176073323,0.5743453032170505,0.275235859752749,0.22075818408637285
