,test_statistic,p,-log2(p)
c2,0.5053519071914373,0.4771579324622639,1.067461238156235
c3,15.653012498493696,7.609127671677856e-05,13.681909405186381
c4,18.813751303881833,1.4412424241128974e-05,16.08232745006261
