covariate,HR,HR_lo,HR_hi,beta,se,p
c2,13.597435436715152,8.096476996318362,22.83588905887221,2.6098812041305237,0.2645212768607108,5.81979795499385e-23
c3,12.284033539015555,7.545112070972193,19.999368938229143,2.5083003328756917,0.24867823640459688,6.337055402372267e-24
c4,1.0861136668668396,0.6435179279013757,1.8331158250741415,0.08260588165792036,0.26705147550361225,0.7570737915448397
c2_x_t,0.9054492400335792,0.7873890235190345,1.0412112714161645,-0.09932406061969558,0.0712812996619738,0.163495907674985
c3_x_t,0.7295317843331446,0.6401452910439239,0.8313997334642323,-0.31535234194357,0.0666888627669909,2.2595001512834117e-06
c4_x_t,1.316655489090319,1.162877618702609,1.4907688041032015,0.2750948009103947,0.06336706330576294,1.4164859326306305e-05
