wave,Ypred_C1_StableLow,Ypred_C2_PersistentHigh,Ypred_C3_Decreasing,Ypred_C4_LateIncreasing
1,1.45793669397185,2.38855005258068,2.28016487264149,1.49155634168686
2,1.3952903647707,2.54224647581345,2.1534763798554,1.65019775855175
3,1.35122038142334,2.61726393766932,2.03754668737958,1.77439635888737
4,1.32572674392976,2.61360243814829,1.93237579521404,1.86415214269372
5,1.31880945228997,2.53126197725036,1.83796370335879,1.91946510997078
6,1.33046850650397,2.37024255497552,1.7543104118138,1.94033526071857
7,1.36070390657175,2.13054417132378,1.6814159205791,1.92676259493709
