"Ypred_class1","Ypred_class2","wave"
1.52559007125968,2.15741678062494,1
1.52897663432259,2.19522664322923,2
1.5362395184129,2.19904064502135,3
1.5473787235306,2.16885878600129,4
1.56239424967569,2.10468106616905,5
1.58128609684818,2.00650748552464,6
1.60405426504806,1.87433804406806,7
