"Ypred_class1","Ypred_class2","Ypred_class3","wave"
1.79392223783312,1.41748504124318,2.47494469420707,1
1.83534764567012,1.37547383588613,2.51783037691302,2
1.86074605720438,1.35014378706354,2.50959778708849,3
1.87011747243589,1.34149489477541,2.45024692473349,4
1.86346189136466,1.34952715902174,2.33977778984801,5
1.84077931399069,1.37424057980254,2.17819038243206,6
1.80206974031398,1.41563515711779,1.96548470248564,7
