"Ypred_class1","Ypred_class2","Ypred_class3","Ypred_class4","Ypred_class5","wave"
2.49128147155664,1.38834514331385,2.30160120059383,2.25499301537793,1.49566624133434,1
2.68798917287174,1.35019241524496,2.04506747482432,2.3139240604376,1.63822407221661,2
2.80215222034471,1.32371596960757,1.84346711675314,2.31929722883572,1.75079919721022,3
2.83377061397557,1.30891580640166,1.69680012638031,2.27111252057227,1.83339161631515,4
2.78284435376432,1.30579192562725,1.60506650370581,2.16936993564727,1.88600132953141,5
2.64937343971094,1.31434432728434,1.56826624872966,2.0140694740607,1.90862833685899,6
2.43335787181545,1.33457301137291,1.58639936145184,1.80521113581258,1.90127263829791,7
