"Ypred_class1","Ypred_class2","Ypred_class3","Ypred_class4","wave"
2.36066628710413,2.26728814718001,1.43381586650349,1.48887136714155,1
2.5023672597992,2.12401372816913,1.37860837587159,1.6408650108514,2
2.56851753929384,1.99677008164366,1.33982490857956,1.76011177085616,3
2.55911712558805,1.88555720760359,1.31746546462739,1.84661164715583,4
2.47416601868183,1.79037510604893,1.31153004401509,1.90036463975039,5
2.31366421857518,1.71122377697968,1.32201864674265,1.92137074863986,6
2.07761172526809,1.64810322039583,1.34893127281008,1.90962997382423,7
